-- phpMyAdmin SQL Dump
-- version 4.8.4
-- https://www.phpmyadmin.net/
--
-- Host: 127.0.0.1:3306
-- Generation Time: Aug 29, 2019 at 06:56 AM
-- Server version: 5.7.24
-- PHP Version: 7.2.14

SET SQL_MODE = "NO_AUTO_VALUE_ON_ZERO";
SET AUTOCOMMIT = 0;
START TRANSACTION;
SET time_zone = "+00:00";


/*!40101 SET @OLD_CHARACTER_SET_CLIENT=@@CHARACTER_SET_CLIENT */;
/*!40101 SET @OLD_CHARACTER_SET_RESULTS=@@CHARACTER_SET_RESULTS */;
/*!40101 SET @OLD_COLLATION_CONNECTION=@@COLLATION_CONNECTION */;
/*!40101 SET NAMES utf8mb4 */;

--
-- Database: `airline reservation system`
--

-- --------------------------------------------------------

--
-- Table structure for table `agbuy`
--

DROP TABLE IF EXISTS `agbuy`;
CREATE TABLE IF NOT EXISTS `agbuy` (
  `lic_no` varchar(20) NOT NULL,
  `ticket_ID` varchar(20) NOT NULL,
  `p_no` varchar(10) NOT NULL,
  PRIMARY KEY (`lic_no`,`ticket_ID`,`p_no`)
) ENGINE=MyISAM DEFAULT CHARSET=latin1;

-- --------------------------------------------------------

--
-- Table structure for table `agents`
--

DROP TABLE IF EXISTS `agents`;
CREATE TABLE IF NOT EXISTS `agents` (
  `Lic_NO` varchar(10) NOT NULL,
  `Mem_NO` varchar(10) NOT NULL,
  `country_ID` varchar(10) DEFAULT NULL,
  PRIMARY KEY (`Lic_NO`,`Mem_NO`),
  KEY `country_ID` (`country_ID`)
) ENGINE=MyISAM DEFAULT CHARSET=latin1;

--
-- Dumping data for table `agents`
--

INSERT INTO `agents` (`Lic_NO`, `Mem_NO`, `country_ID`) VALUES
('1000A', '1000M', '1'),
('51246', '89657', 'Bangladesh'),
('California', '123456', 'Bangladesh');

-- --------------------------------------------------------

--
-- Table structure for table `airdes`
--

DROP TABLE IF EXISTS `airdes`;
CREATE TABLE IF NOT EXISTS `airdes` (
  `airport_ID` varchar(20) NOT NULL,
  `name` varchar(200) DEFAULT NULL,
  `type` varchar(20) DEFAULT NULL,
  `RunNUM` int(11) DEFAULT NULL,
  `country_ID` int(5) DEFAULT NULL,
  PRIMARY KEY (`airport_ID`),
  KEY `country_ID` (`country_ID`)
) ENGINE=MyISAM DEFAULT CHARSET=latin1;

--
-- Dumping data for table `airdes`
--

INSERT INTO `airdes` (`airport_ID`, `name`, `type`, `RunNUM`, `country_ID`) VALUES
('VGEG ', 'Shah Amanat International Airport', 'International', 20, 880),
('VGHS', 'Hazrat Shahjalal International Airport', 'International', 30, 880),
('SBGL', 'Rio de Janeiro Airport', 'International', 30, 55),
('SBHT', 'Altamira Airport', 'International', 25, 55),
('ZBAA', 'Beijing Capital International Airpot', 'International', 30, 86),
('ZUCK', 'Chongqing Jiangbei International Airport', 'International', 30, 86),
('EFHA', 'Halli Airport', 'International', 30, 358),
('EFMI', 'Mikkeli Airport', 'International', 30, 358),
('LFOI', 'Abbevile-Buigny-Saint-Maclou Aerdrome', 'International', 25, 33),
('LFAY', 'Amicus-Glisy Aerdrome', 'International', 25, 33),
('CYXX', 'Abbotsford International Airport', 'International', 30, 1),
('CYQB', 'Jean-Lesage International Airport', 'International', 30, 1),
('DNAA', 'Nnamdi Azikiwe International Airport', 'International', 30, 231),
('DNEN', 'Akanu Ibiam International Airport', 'International', 30, 234),
('UUOB', 'Belgorod International Airport', 'International', 30, 7),
('UUEE', 'Sheremetyevo International Airport', 'International', 30, 7);

-- --------------------------------------------------------

--
-- Table structure for table `airline`
--

DROP TABLE IF EXISTS `airline`;
CREATE TABLE IF NOT EXISTS `airline` (
  `ID` varchar(10) NOT NULL,
  `name` varchar(200) DEFAULT NULL,
  `type` varchar(20) DEFAULT NULL,
  `countryID` int(5) DEFAULT NULL,
  PRIMARY KEY (`ID`),
  KEY `countryID` (`countryID`)
) ENGINE=MyISAM DEFAULT CHARSET=latin1;

--
-- Dumping data for table `airline`
--

INSERT INTO `airline` (`ID`, `name`, `type`, `countryID`) VALUES
('BBC', 'Biman Bangladesh Airlines', 'National', 880),
('BEA', 'US Bangla Airlines', 'National', 880),
('BRB', 'BRA-Transportes Aereos', 'Major', 55),
('BFL', 'Buffalo Airways', 'National', 1),
('CBJ', 'Beijing Capital Airlines', 'Major', 86),
('BLF', 'Blue1', 'Major', 358),
('BZH', 'Brit Air', 'Major', 33),
('BLV', 'Bellview Airlines', 'Major', 234),
('BTC', 'BAL Bashkirian Airlines', 'Major', 7),
('BRG', 'Bering Air', 'National', 17),
('RGE', 'Regent Airways', 'National', 880),
('NVQ', 'NovoAir', 'National', 880);

-- --------------------------------------------------------

--
-- Table structure for table `airport`
--

DROP TABLE IF EXISTS `airport`;
CREATE TABLE IF NOT EXISTS `airport` (
  `ID` varchar(20) NOT NULL,
  `name` varchar(200) DEFAULT NULL,
  `type` varchar(20) DEFAULT NULL,
  `RunNum` int(11) DEFAULT NULL,
  `countryID` int(5) DEFAULT NULL,
  PRIMARY KEY (`ID`),
  KEY `countryID` (`countryID`)
) ENGINE=MyISAM DEFAULT CHARSET=latin1;

-- --------------------------------------------------------

--
-- Table structure for table `airsrc`
--

DROP TABLE IF EXISTS `airsrc`;
CREATE TABLE IF NOT EXISTS `airsrc` (
  `airport_ID` varchar(20) NOT NULL,
  `name` varchar(200) DEFAULT NULL,
  `type` varchar(20) DEFAULT NULL,
  `RunNUM` int(11) DEFAULT NULL,
  `country_ID` int(5) DEFAULT NULL,
  PRIMARY KEY (`airport_ID`),
  KEY `country_ID` (`country_ID`)
) ENGINE=MyISAM DEFAULT CHARSET=latin1;

--
-- Dumping data for table `airsrc`
--

INSERT INTO `airsrc` (`airport_ID`, `name`, `type`, `RunNUM`, `country_ID`) VALUES
('VGEG ', 'Shah Amanat International Airport', 'International', 20, 880),
('VGHS', 'Hazrat Shahjalal International Airport', 'International', 30, 880),
('SBGL', 'Rio de Janeiro Airport', 'International', 30, 55),
('SBHT', 'Altamira Airport', 'International', 25, 55),
('ZBAA', 'Beijing Capital International Airpot', 'International', 30, 86),
('ZUCK', 'Chongqing Jiangbei International Airport', 'International', 30, 86),
('EFHA', 'Halli Airport', 'International', 30, 358),
('EFMI', 'Mikkeli Airport', 'International', 30, 358),
('LFOI', 'Abbevile-Buigny-Saint-Maclou Aerdrome', 'International', 25, 33),
('LFAY', 'Amicus-Glisy Aerdrome', 'International', 25, 33),
('CYXY', 'Abbotsford International Airport', 'International', 30, 33),
('CYQB', 'Jean-Lesage International Airport', 'International', 30, 1),
('DNAA', 'Nnamdi Azikiwe International Airport', 'International', 30, 231),
('DNEN', 'Akanu Ibiam International Airport', 'International', 30, 234),
('UUOB', 'Belgorod International Airport', 'International', 30, 7),
('UUEE', 'Sheremetyevo International Airport', 'International', 30, 7);

-- --------------------------------------------------------

--
-- Table structure for table `boarding`
--

DROP TABLE IF EXISTS `boarding`;
CREATE TABLE IF NOT EXISTS `boarding` (
  `ticket_ID` varchar(20) NOT NULL,
  `flight_no` varchar(10) DEFAULT NULL,
  `dateF` date DEFAULT NULL,
  `timeF` time DEFAULT NULL,
  `seat_no` varchar(20) DEFAULT NULL,
  `gate_no` varchar(10) DEFAULT NULL,
  PRIMARY KEY (`ticket_ID`),
  KEY `flight_no` (`flight_no`)
) ENGINE=MyISAM DEFAULT CHARSET=latin1;

--
-- Dumping data for table `boarding`
--

INSERT INTO `boarding` (`ticket_ID`, `flight_no`, `dateF`, `timeF`, `seat_no`, `gate_no`) VALUES
('0001', '001', '2019-04-27', '09:30:00', '01', '1'),
('0002', '001', '2019-04-27', '09:30:00', '02', '1'),
('0003', '001', '2019-04-27', '09:30:00', '03', '1'),
('0004', '001', '2019-04-27', '09:30:00', '04', '1'),
('0005', '001', '2019-04-27', '09:30:00', '05', '1'),
('0006', '001', '2019-04-27', '08:30:00', '06', '2'),
('0007', '001', '2019-04-27', '08:30:00', '07', '2'),
('0008', '001', '2019-04-27', '08:30:00', '08', '2'),
('0009', '001', '2019-04-27', '08:30:00', '09', '2'),
('0010', '001', '2019-04-27', '08:30:00', '10', '2'),
('0011', '002', '2019-04-27', '09:30:00', '01', '1'),
('0012', '002', '2019-04-27', '09:30:00', '02', '1'),
('0013', '002', '2019-04-27', '09:30:00', '03', '1'),
('0014', '002', '2019-04-27', '09:30:00', '04', '1'),
('0015', '002', '2019-04-27', '09:30:00', '05', '1'),
('0016', '002', '2019-04-27', '09:30:00', '06', '2'),
('0017', '002', '2019-04-27', '09:30:00', '07', '2'),
('0018', '002', '2019-04-27', '09:30:00', '08', '2'),
('0019', '002', '2019-04-27', '09:30:00', '09', '2'),
('0020', '002', '2019-04-27', '09:30:00', '10', '2'),
('0021', '003', '2019-04-27', '09:50:00', '01', '4'),
('0022', '003', '2019-04-27', '09:50:00', '02', '4'),
('0023', '003', '2019-04-27', '09:50:00', '03', '4'),
('0024', '003', '2019-04-27', '09:50:00', '04', '4'),
('0025', '003', '2019-04-27', '09:50:00', '05', '4'),
('0026', '003', '2019-04-27', '09:50:00', '06', '3'),
('0027', '003', '2019-04-27', '09:50:00', '07', '3'),
('0028', '003', '2019-04-27', '09:50:00', '08', '3'),
('0029', '003', '2019-04-27', '09:50:00', '09', '3'),
('0030', '003', '2019-04-27', '09:50:00', '10', '3'),
('0031', '004', '2019-04-29', '07:00:00', '01', '2'),
('0032', '004', '2019-04-29', '07:00:00', '02', '2'),
('0033', '004', '2019-04-29', '07:00:00', '03', '2'),
('0034', '004', '2019-04-29', '07:00:00', '04', '2'),
('0035', '004', '2019-04-29', '07:00:00', '05', '2'),
('0036', '004', '2019-04-29', '07:00:00', '06', NULL),
('0037', '004', '2019-04-29', '07:00:00', '07', NULL),
('0038', '004', '2019-04-29', '07:00:00', '08', NULL),
('0039', '004', '2019-04-29', '07:00:00', '09', NULL),
('0040', '004', '2019-04-29', '07:00:00', '10', NULL),
('0041', '005', '2019-04-28', '00:00:00', '01', '6'),
('0042', '005', '2019-04-28', '00:00:00', '02', '6'),
('0043', '005', '2019-04-28', '00:00:00', '03', '6'),
('0044', '005', '2019-04-28', '00:00:00', '04', '6'),
('0045', '005', '2019-04-28', '00:00:00', '05', '6'),
('0046', '005', '2019-04-28', '00:00:00', '06', '1'),
('0047', '005', '2019-04-28', '00:00:00', '07', '1'),
('0048', '005', '2019-04-28', '00:00:00', '08', '1'),
('0049', '005', '2019-04-28', '00:00:00', '09', '1'),
('0050', '005', '2019-04-28', '00:00:00', '10', '1'),
('0051', '006', '2019-05-01', '09:30:00', '01', '5'),
('0052', '006', '2019-05-01', '09:30:00', '02', '5'),
('0053', '006', '2019-05-01', '09:30:00', '03', '5'),
('0054', '006', '2019-05-01', '09:30:00', '04', '5'),
('0055', '006', '2019-05-01', '09:30:00', '05', '5'),
('0056', '006', '2019-05-01', '09:30:00', '06', '8'),
('0057', '006', '2019-05-01', '09:30:00', '07', '8'),
('0058', '006', '2019-05-01', '09:30:00', '08', '8'),
('0059', '006', '2019-05-01', '09:30:00', '09', '8'),
('0060', '006', '2019-05-01', '09:30:00', '10', '8'),
('0061', '007', '2019-04-30', '09:30:00', '01', '9'),
('0062', '007', '2019-04-30', '09:30:00', '02', '9'),
('0063', '007', '2019-04-30', '09:30:00', '03', '9'),
('0064', '007', '2019-04-30', '09:30:00', '04', '9'),
('0065', '007', '2019-04-30', '09:30:00', '05', '9'),
('0066', '007', '2019-04-30', '09:30:00', '06', '2'),
('0067', '007', '2019-04-30', '09:30:00', '07', '2'),
('0068', '007', '2019-04-30', '09:30:00', '08', '2'),
('0069', '007', '2019-04-30', '09:30:00', '09', '2'),
('0070', '007', '2019-04-30', '09:30:00', '10', '2'),
('0071', '008', '2019-05-03', '11:00:00', '01', '8'),
('0072', '008', '2019-05-03', '11:00:00', '02', '8'),
('0073', '008', '2019-05-03', '11:00:00', '03', '8'),
('0074', '008', '2019-05-03', '11:00:00', '04', '8'),
('0075', '008', '2019-05-03', '11:00:00', '05', '8'),
('0076', '008', '2019-05-03', '11:00:00', '06', '3'),
('0077', '008', '2019-05-03', '11:00:00', '07', '3'),
('0078', '008', '2019-05-03', '11:00:00', '08', '3'),
('0079', '008', '2019-05-03', '11:00:00', '09', '3'),
('0080', '008', '2019-05-03', '11:00:00', '10', '3'),
('0081', '009', '2019-04-28', '08:00:00', '01', '5'),
('0082', '009', '2019-04-28', '08:00:00', '02', '5'),
('0083', '009', '2019-04-28', '08:00:00', '03', '5'),
('0084', '009', '2019-04-28', '08:00:00', '04', '5'),
('0085', '009', '2019-04-28', '08:00:00', '05', '5'),
('0086', '009', '2019-04-28', '08:00:00', '06', '8'),
('0087', '009', '2019-04-28', '08:00:00', '07', '8'),
('0088', '009', '2019-04-28', '08:00:00', '08', '8'),
('0089', '009', '2019-04-28', '08:00:00', '09', '8'),
('0090', '009', '2019-04-28', '08:00:00', '10', '8'),
('0091', '0010', '2019-04-28', '16:00:00', '01', '2'),
('0092', '0010', '2019-04-28', '16:00:00', '02', '2'),
('0093', '0010', '2019-04-28', '16:00:00', '03', '2'),
('0094', '0010', '2019-04-28', '16:00:00', '04', '2'),
('0095', '0010', '2019-04-28', '16:00:00', '05', '2'),
('0096', '0010', '2019-04-28', '16:00:00', '06', '7'),
('0097', '0010', '2019-04-28', '16:00:00', '07', '7'),
('0098', '0010', '2019-04-28', '16:00:00', '08', '7'),
('0099', '0010', '2019-04-28', '16:00:00', '09', '7'),
('0100', '0010', '2019-04-28', '16:00:00', '10', '7'),
('0101', '0011', '2019-04-29', '01:00:00', '01', '2'),
('0102', '0011', '2019-04-29', '01:00:00', '02', '2'),
('0103', '0011', '2019-04-29', '01:00:00', '03', '2'),
('0104', '0011', '2019-04-29', '01:00:00', '04', '2'),
('0105', '0011', '2019-04-29', '01:00:00', '05', '2'),
('0106', '0011', '2019-04-29', '01:00:00', '06', '3'),
('0107', '0011', '2019-04-29', '01:00:00', '07', '3'),
('0108', '0011', '2019-04-29', '01:00:00', '08', '3'),
('0109', '0011', '2019-04-29', '01:00:00', '09', '3'),
('0110', '0011', '2019-04-29', '01:00:00', '10', '3'),
('0111', '0012', '2019-04-29', '09:00:00', '01', '6'),
('0112', '0012', '2019-04-29', '09:00:00', '02', '6'),
('0113', '0012', '2019-04-29', '09:00:00', '03', '6'),
('0114', '0012', '2019-04-29', '09:00:00', '04', '6'),
('0115', '0012', '2019-04-29', '09:00:00', '05', '6'),
('0116', '0012', '2019-04-29', '09:00:00', '06', '1'),
('0117', '0012', '2019-04-29', '09:00:00', '07', '1'),
('0118', '0012', '2019-04-29', '09:00:00', '08', '1'),
('0119', '0012', '2019-04-29', '09:00:00', '09', '1'),
('0120', '0012', '2019-04-29', '09:00:00', '10', '1'),
('0121', '0013', '2019-04-27', '01:10:00', '01', '6'),
('0122', '0013', '2019-04-27', '01:10:00', '02', '6'),
('0123', '0013', '2019-04-27', '01:10:00', '03', '6'),
('0124', '0013', '2019-04-27', '01:10:00', '04', '6'),
('0125', '0013', '2019-04-27', '01:10:00', '05', '6'),
('0126', '0013', '2019-04-27', '01:10:00', '06', '3'),
('0127', '0013', '2019-04-27', '01:10:00', '07', '3'),
('0128', '0013', '2019-04-27', '01:10:00', '08', '3'),
('0129', '0013', '2019-04-27', '01:10:00', '09', '3'),
('0130', '0013', '2019-04-27', '01:10:00', '10', '3'),
('0131', '0014', '2019-04-29', '09:15:00', '01', '2'),
('0132', '0014', '2019-04-29', '09:15:00', '02', '2'),
('0133', '0014', '2019-04-29', '09:15:00', '03', '2'),
('0134', '0014', '2019-04-29', '09:15:00', '04', '2'),
('0135', '0014', '2019-04-29', '09:15:00', '05', '2'),
('0136', '0014', '2019-04-29', '09:15:00', '06', '3'),
('0137', '0014', '2019-04-29', '09:15:00', '07', '3'),
('0138', '0014', '2019-04-29', '09:15:00', '08', '3'),
('0139', '0014', '2019-04-29', '09:15:00', '09', '3'),
('0140', '0014', '2019-04-29', '09:15:00', '10', '3'),
('0141', '0015', '2019-05-01', '01:00:00', '01', '6'),
('0142', '0015', '2019-05-01', '01:00:00', '02', '6'),
('0143', '0015', '2019-05-01', '01:00:00', '03', '6'),
('0144', '0015', '2019-05-01', '01:00:00', '04', '6'),
('0145', '0015', '2019-05-01', '01:00:00', '05', '6'),
('0146', '0015', '2019-05-01', '01:00:00', '06', '1'),
('0147', '0015', '2019-05-01', '01:00:00', '07', '1'),
('0148', '0015', '2019-05-01', '01:00:00', '08', '1'),
('0149', '0015', '2019-05-01', '01:00:00', '09', '1'),
('0150', '0015', '2019-05-01', '01:00:00', '10', '1'),
('0151', '0016', '2019-05-03', '00:30:00', '01', '5'),
('0152', '0016', '2019-05-03', '00:30:00', '02', '5'),
('0153', '0016', '2019-05-03', '00:30:00', '03', '5'),
('0154', '0016', '2019-05-03', '00:30:00', '04', '5'),
('0155', '0016', '2019-05-03', '00:30:00', '05', '5'),
('0156', '0016', '2019-05-03', '00:30:00', '06', '8'),
('0157', '0016', '2019-05-03', '00:30:00', '07', '8'),
('0158', '0016', '2019-05-03', '00:30:00', '08', '8'),
('0159', '0016', '2019-05-03', '00:30:00', '09', '8'),
('0160', '0016', '2019-05-03', '00:30:00', '10', '8'),
('0161', '0017', '2019-04-29', '00:00:00', '01', '9'),
('0162', '0017', '2019-04-29', '00:00:00', '02', '9'),
('0163', '0017', '2019-04-29', '00:00:00', '03', '9'),
('0164', '0017', '2019-04-29', '00:00:00', '04', '9'),
('0165', '0017', '2019-04-29', '00:00:00', '05', '9'),
('0166', '0017', '2019-04-29', '00:00:00', '06', '2'),
('0167', '0017', '2019-04-29', '00:00:00', '07', '2'),
('0168', '0017', '2019-04-29', '00:00:00', '08', '2'),
('0169', '0017', '2019-04-29', '00:00:00', '09', '2'),
('0170', '0017', '2019-04-29', '00:00:00', '10', '2'),
('0171', '0018', '2019-05-01', '10:00:00', '01', '8'),
('0172', '0018', '2019-05-01', '10:00:00', '02', '8'),
('0173', '0018', '2019-05-01', '10:00:00', '03', '8'),
('0174', '0018', '2019-05-01', '10:00:00', '04', '8'),
('0175', '0018', '2019-05-01', '10:00:00', '05', '8'),
('0176', '0018', '2019-05-01', '10:00:00', '06', '3'),
('0177', '0018', '2019-05-01', '10:00:00', '07', '3'),
('0178', '0018', '2019-05-01', '10:00:00', '08', '3'),
('0179', '0018', '2019-05-01', '10:00:00', '09', '3'),
('0180', '0018', '2019-05-01', '10:00:00', '10', '3'),
('0181', '0019', '2019-04-30', '15:00:00', '01', '5'),
('0182', '0019', '2019-04-30', '15:00:00', '02', '5'),
('0183', '0019', '2019-04-30', '15:00:00', '03', '5'),
('0184', '0019', '2019-04-30', '15:00:00', '04', '5'),
('0185', '0019', '2019-04-30', '15:00:00', '05', '5'),
('0186', '0019', '2019-04-30', '15:00:00', '06', '8'),
('0187', '0019', '2019-04-30', '15:00:00', '07', '8'),
('0188', '0019', '2019-04-30', '15:00:00', '08', '8'),
('0189', '0019', '2019-04-30', '15:00:00', '09', '8'),
('0190', '0019', '2019-04-30', '15:00:00', '10', '8'),
('0191', '0020', '2019-05-02', '12:00:00', '01', '2'),
('0192', '0020', '2019-05-02', '12:00:00', '02', '2'),
('0193', '0020', '2019-05-02', '12:00:00', '03', '2'),
('0194', '0020', '2019-05-02', '12:00:00', '04', '2'),
('0195', '0020', '2019-05-02', '12:00:00', '05', '2'),
('0196', '0020', '2019-05-02', '12:00:00', '06', NULL),
('0197', '0020', '2019-05-02', '12:00:00', '07', NULL),
('0198', '0020', '2019-05-02', '12:00:00', '08', NULL),
('0199', '0020', '2019-05-02', '12:00:00', '09', NULL),
('0200', '0020', '2019-05-02', '12:00:00', '10', NULL),
('0201', '0021', '2019-04-28', '03:00:00', '01', '2'),
('0202', '0021', '2019-04-28', '03:00:00', '02', '2'),
('0203', '0021', '2019-04-28', '03:00:00', '03', '2'),
('0204', '0021', '2019-04-28', '03:00:00', '04', '2'),
('0205', '0021', '2019-04-28', '03:00:00', '05', '2'),
('0206', '0021', '2019-04-28', '03:00:00', '06', '3'),
('0207', '0021', '2019-04-28', '03:00:00', '07', '3'),
('0208', '0021', '2019-04-28', '03:00:00', '08', '3'),
('0209', '0021', '2019-04-28', '03:00:00', '09', '3'),
('0210', '0021', '2019-04-28', '03:00:00', NULL, '3'),
('0211', '0022', '2019-04-29', '06:00:00', '01', '6'),
('0212', '0022', '2019-04-29', '06:00:00', '02', '6'),
('0213', '0022', '2019-04-29', '06:00:00', '03', '6'),
('0214', '0022', '2019-04-29', '06:00:00', '04', '6'),
('0215', '0022', '2019-04-29', '06:00:00', '05', '6'),
('0216', '0022', '2019-04-29', '06:00:00', '06', '1'),
('0217', '0022', '2019-04-29', '06:00:00', '07', '1'),
('0218', '0022', '2019-04-29', '06:00:00', '08', '1'),
('0219', '0022', '2019-04-29', '06:00:00', '09', '1'),
('0220', '0022', '2019-04-29', '06:00:00', '10', '1'),
('0221', '0023', '2019-04-30', '00:00:00', '01', '6'),
('0222', '0023', '2019-04-30', '00:00:00', '02', '6'),
('0223', '0023', '2019-04-30', '00:00:00', '03', '6'),
('0224', '0023', '2019-04-30', '00:00:00', '04', '6'),
('0225', '0023', '2019-04-30', '00:00:00', '05', '6'),
('0226', '0023', '2019-04-30', '00:00:00', '06', '3'),
('0227', '0023', '2019-04-30', '00:00:00', '07', '3'),
('0228', '0023', '2019-04-30', '00:00:00', '08', '3'),
('0229', '0023', '2019-04-30', '00:00:00', '09', '3'),
('0230', '0023', '2019-04-30', '00:00:00', '10', '3'),
('0231', '0024', '2019-05-01', '00:00:00', '01', '2'),
('0232', '0024', '2019-05-01', '00:00:00', '02', '2'),
('0233', '0024', '2019-05-01', '00:00:00', '03', '2'),
('0234', '0024', '2019-05-01', '00:00:00', '04', '2'),
('0235', '0024', '2019-05-01', '00:00:00', '05', '2'),
('0236', '0024', '2019-05-01', '00:00:00', '06', '3'),
('0237', '0024', '2019-05-01', '00:00:00', '07', '3'),
('0238', '0024', '2019-05-01', '00:00:00', '08', '3'),
('0239', '0024', '2019-05-01', '00:00:00', '09', '3'),
('0240', '0024', '2019-05-01', '00:00:00', '10', '3'),
('0241', '0025', '2019-04-27', '08:00:00', '01', '6'),
('0242', '0025', '2019-04-27', '08:00:00', '02', '6'),
('0243', '0025', '2019-04-27', '08:00:00', '03', '6'),
('0244', '0025', '2019-04-27', '08:00:00', '04', '6'),
('0245', '0025', '2019-04-27', '08:00:00', '05', '6'),
('0246', '0025', '2019-04-27', '08:00:00', '06', '1'),
('0247', '0025', '2019-04-27', '08:00:00', '07', '1'),
('0248', '0025', '2019-04-27', '08:00:00', '08', '1'),
('0249', '0025', '2019-04-27', '08:00:00', '09', '1'),
('0250', '0025', '2019-04-27', '08:00:00', '10', '1'),
('0251', '0026', '2019-04-27', '04:00:00', '01', '5'),
('0252', '0026', '2019-04-27', '04:00:00', '02', '5'),
('0253', '0026', '2019-04-27', '04:00:00', '03', '5'),
('0254', '0026', '2019-04-27', '04:00:00', '04', '5'),
('0255', '0026', '2019-04-27', '04:00:00', '05', '5'),
('0256', '0026', '2019-04-27', '04:00:00', '06', '8'),
('0257', '0026', '2019-04-27', '04:00:00', '07', '8'),
('0258', '0026', '2019-04-27', '04:00:00', '08', '8'),
('0259', '0026', '2019-04-27', '04:00:00', '09', '8'),
('0260', '0026', '2019-04-27', '04:00:00', '10', '8'),
('0261', '0027', '2019-05-01', '00:00:00', '01', '9'),
('2162', NULL, NULL, NULL, NULL, NULL),
('0263', '0027', '2019-05-01', '00:00:00', '03', '9'),
('0264', '0027', '2019-05-01', '00:00:00', '04', '9'),
('0265', '0027', '2019-05-01', '00:00:00', '05', '9'),
('0266', '0027', '2019-05-01', '00:00:00', '06', '2'),
('0267', '0027', '2019-05-01', '00:00:00', '07', '2'),
('0268', '0027', '2019-05-01', '00:00:00', '08', '2'),
('0269', '0027', '2019-05-01', '00:00:00', '09', '2'),
('0270', '0027', '2019-05-01', '00:00:00', '10', '2'),
('0271', '0028', '2019-05-01', '11:00:00', '01', '8'),
('0272', '0028', '2019-05-01', '11:00:00', '02', '8'),
('0273', '0028', '2019-05-01', '11:00:00', '03', '8'),
('0274', '0028', '2019-05-01', '11:00:00', '04', '8'),
('0275', '0028', '2019-05-01', '11:00:00', '05', '8'),
('0276', '0028', '2019-05-01', '11:00:00', '06', '3'),
('0277', '0028', '2019-05-01', '11:00:00', '07', '3'),
('0278', '0028', '2019-05-01', '11:00:00', '08', '3'),
('0279', '0028', '2019-05-01', '11:00:00', '09', '3'),
('0280', '0028', '2019-05-01', '11:00:00', '10', '3'),
('0281', '0029', '2019-04-30', '08:00:00', '01', '5'),
('0282', '0029', '2019-04-30', '08:00:00', '02', '5'),
('0283', '0029', '2019-04-30', '08:00:00', '03', '5'),
('0284', '0029', '2019-04-30', '08:00:00', '04', '5'),
('0285', '0029', '2019-04-30', '08:00:00', '05', '5'),
('0286', '0029', '2019-04-30', '08:00:00', '06', '8'),
('0287', '0029', '2019-04-30', '08:00:00', '07', '8'),
('0288', '0029', '2019-04-30', '08:00:00', '08', '8'),
('0289', '0029', '2019-04-30', '08:00:00', '09', '8'),
('0290', '0029', '2019-04-30', '08:00:00', '10', '8'),
('0291', '0030', '2019-04-30', '15:00:00', '01', '2'),
('0292', '0030', '2019-04-30', '15:00:00', '02', '2'),
('0293', '0030', '2019-04-30', '15:00:00', '03', '2'),
('0294', '0030', '2019-04-30', '15:00:00', '04', '2'),
('0295', '0030', '2019-04-30', '15:00:00', '05', '2'),
('0296', '0030', '2019-04-30', '15:00:00', '06', NULL),
('0297', '0030', '2019-04-30', '15:00:00', '07', NULL),
('0298', '0030', '2019-04-30', '15:00:00', '08', NULL),
('0299', '0030', '2019-04-30', '15:00:00', '09', NULL),
('0300', '0030', '2019-04-30', '15:00:00', '10', NULL),
('0301', '0031', '2019-04-28', '00:00:00', '01', '3'),
('0302', '0031', '2019-04-28', '00:00:00', '02', '3'),
('0303', '0031', '2019-04-28', '00:00:00', '03', '3'),
('0304', '0031', '2019-04-28', '00:00:00', '04', '3'),
('0305', '0031', '2019-04-28', '00:00:00', '05', '3'),
('0306', '0031', '2019-04-28', '00:00:00', '06', '9'),
('0307', '0031', '2019-04-28', '00:00:00', '07', '9'),
('0308', '0031', '2019-04-28', '00:00:00', '08', '9'),
('0309', '0031', '2019-04-28', '00:00:00', '09', '9'),
('0310', '0031', '2019-04-28', '00:00:00', '10', '9'),
('0311', '0032', '2019-05-01', '00:50:00', '01', '7'),
('0312', '0032', '2019-05-01', '00:50:00', '02', '7'),
('3113', NULL, NULL, NULL, NULL, NULL),
('0314', '0032', '2019-05-01', '00:50:00', '04', '7'),
('0315', '0032', '2019-05-01', '00:50:00', '05', '7'),
('0316', '0032', '2019-05-01', '00:50:00', '06', '5'),
('0317', '0032', '2019-05-01', '00:50:00', '07', '5'),
('0318', '0032', '2019-05-01', '00:50:00', '08', '5'),
('0319', '0032', '2019-05-01', '00:50:00', '09', '5'),
('0320', '0032', '2019-05-01', '00:50:00', '10', '5');

-- --------------------------------------------------------

--
-- Table structure for table `country`
--

DROP TABLE IF EXISTS `country`;
CREATE TABLE IF NOT EXISTS `country` (
  `ID` varchar(10) NOT NULL,
  `name` varchar(100) DEFAULT NULL,
  `population` int(255) DEFAULT NULL,
  PRIMARY KEY (`ID`)
) ENGINE=MyISAM DEFAULT CHARSET=latin1;

--
-- Dumping data for table `country`
--

INSERT INTO `country` (`ID`, `name`, `population`) VALUES
('880', 'Banglaadesh', 160000000),
('55', 'Brazil', 209300000),
('86', 'China', 1300000000),
('1', 'Canada', 3070600),
('33', 'France', 6719000),
('358', 'Finland', 5050000),
('234', 'Nigeria', 19000000),
('7', 'Russia', 144500000),
('17', 'United States of America', 326700000),
('44', 'United Kingdom', 66400000);

-- --------------------------------------------------------

--
-- Table structure for table `flight`
--

DROP TABLE IF EXISTS `flight`;
CREATE TABLE IF NOT EXISTS `flight` (
  `flight_no` varchar(10) NOT NULL,
  `airline_ID` varchar(20) DEFAULT NULL,
  `stockB` int(11) NOT NULL DEFAULT '5',
  `stockE` int(11) NOT NULL DEFAULT '5',
  PRIMARY KEY (`flight_no`),
  KEY `airline_ID` (`airline_ID`)
) ENGINE=MyISAM DEFAULT CHARSET=latin1;

--
-- Dumping data for table `flight`
--

INSERT INTO `flight` (`flight_no`, `airline_ID`, `stockB`, `stockE`) VALUES
('001', 'RGE', 1, 5),
('002', 'RGE', 4, 5),
('003', 'RGE', 5, 5),
('004', 'RGE', 5, 5),
('005', 'RGE', 5, 5),
('006', 'RGE', 5, 5),
('007', 'RGE', 5, 5),
('008', 'RGE', 5, 5),
('009', 'RGE', 5, 5),
('010', 'RGE', 5, 5),
('011', 'RGE', 5, 5),
('012', 'RGE', 5, 5),
('013', 'RGE', 5, 5),
('014', 'RGE', 5, 5),
('015', 'NVQ', 5, 5),
('016', 'NVQ', 5, 5),
('017', 'BEA', 5, 5),
('018', 'BEA', 5, 5),
('019', 'BEA', 5, 5),
('020', 'BEA', 5, 5),
('021', 'BEA', 5, 5),
('022', 'BEA', 5, 5),
('023', 'BEA', 5, 5),
('024', 'BEA', 5, 5),
('025', 'BEA', 5, 5),
('026', 'BEA', 5, 5),
('027', 'BEA', 5, 5),
('028', 'BEA', 5, 5),
('029', 'BEA', 5, 5),
('030', 'BEA', 5, 5),
('031', 'BEA', 5, 5),
('032', 'BEA', 5, 5);

-- --------------------------------------------------------

--
-- Table structure for table `fly`
--

DROP TABLE IF EXISTS `fly`;
CREATE TABLE IF NOT EXISTS `fly` (
  `flight_no` varchar(50) NOT NULL,
  `pilot_id` varchar(100) NOT NULL,
  `time` time NOT NULL,
  `date` date NOT NULL
) ENGINE=MyISAM DEFAULT CHARSET=latin1;

-- --------------------------------------------------------

--
-- Table structure for table `fl_pair`
--

DROP TABLE IF EXISTS `fl_pair`;
CREATE TABLE IF NOT EXISTS `fl_pair` (
  `flight_no` varchar(20) NOT NULL,
  `src_ID` varchar(10) NOT NULL,
  `Dst_ID` varchar(10) NOT NULL,
  `distance (km)` int(11) DEFAULT NULL,
  PRIMARY KEY (`flight_no`,`src_ID`,`Dst_ID`)
) ENGINE=MyISAM DEFAULT CHARSET=latin1;

--
-- Dumping data for table `fl_pair`
--

INSERT INTO `fl_pair` (`flight_no`, `src_ID`, `Dst_ID`, `distance (km)`) VALUES
('001', 'VGHS', 'CYXY', 10979),
('002', 'CYXY', 'VGHS', 10979),
('003', 'VGEG', 'CYQB', 10979),
('004', 'CYQB', 'VGEG', 10797),
('oo5', 'VGHS', 'SBGL', 15919),
('006', 'SBGL', 'VGHS', 15919),
('007', 'VGEG', 'SBHT', 15919),
('008', 'SBHT', 'VGEG', 15919),
('009', 'VGHS', 'ZBAA', 1882),
('010', 'ZBAA', 'VGHS', 1882),
('011', 'VGEG', 'ZUCK', 1882),
('012', 'ZUCK', 'VGEG', 1882),
('013', 'VGHS', 'IFHA', 6336),
('014', 'IFHA', 'VGHS', 6336),
('015', 'VGHS', 'DNAA', 8761),
('016', 'DNAA', 'VGHS', 8761),
('017', 'VGEG', 'DNAA', 8761),
('018', 'DNAA', 'VGEG', 8761),
('019', 'VGEG', 'DNEN', 8761),
('020', 'DNEN', 'VGEG', 8761),
('021', 'VGHS', 'UUOB', 4341),
('022', 'UUOB', 'VGHS', 4341),
('023', 'VGEG', 'UUEE', 4341),
('024', 'UUEE', 'VGEG', 4341),
('025', 'VGHS', 'EFMI', 6336),
('026', 'EFMI', 'VGHS', 6336),
('027', 'VGHS', 'ZBAA', 1882),
('028', 'ZBAA', 'VGHS', 1882),
('029', 'VGHS', 'ZUCK', 1882),
('030', 'ZUCK', 'VGHS', 1882),
('031', 'VGEG', 'CYXY', 10979),
('032', 'CYXY', 'VGEG', 10979);

-- --------------------------------------------------------

--
-- Table structure for table `issue`
--

DROP TABLE IF EXISTS `issue`;
CREATE TABLE IF NOT EXISTS `issue` (
  `src_ID` varchar(20) NOT NULL,
  `ticket_no` varchar(20) NOT NULL,
  `p_no` varchar(10) NOT NULL,
  PRIMARY KEY (`src_ID`,`ticket_no`,`p_no`)
) ENGINE=MyISAM DEFAULT CHARSET=latin1;

-- --------------------------------------------------------

--
-- Table structure for table `passenger`
--

DROP TABLE IF EXISTS `passenger`;
CREATE TABLE IF NOT EXISTS `passenger` (
  `p_no` varchar(20) NOT NULL,
  `first_name` varchar(100) NOT NULL,
  `last_name` varchar(100) NOT NULL,
  `country` varchar(100) DEFAULT NULL,
  `DOE` date DEFAULT NULL,
  `email` varchar(200) NOT NULL,
  `contact` varchar(20) NOT NULL,
  PRIMARY KEY (`p_no`)
) ENGINE=MyISAM DEFAULT CHARSET=latin1;

--
-- Dumping data for table `passenger`
--

INSERT INTO `passenger` (`p_no`, `first_name`, `last_name`, `country`, `DOE`, `email`, `contact`) VALUES
('18359', 'Ehab', 'Walid', 'Bangladesh', '2020-05-22', 'ehab0924@gmail.com', '0165985236'),
('183591', 'Ehab', 'Walid', 'Bangladesh', '2019-04-27', 'ehab0425@gmail.com', '01997187970'),
('12345', 'Samiha', 'Samsi', 'Bangladesh', '2019-04-17', 'samtap@gmail.com', '54602585'),
('000000000', 'shuddho', 'Walid', 'Bangladesh', '2019-08-23', 'nomanabdullah75@gmail.com', '546025857'),
('7894', 'Rahat', 'Mubasshir', 'Bangladesh', '2019-04-30', 'sart@gmail.com', '564478');

-- --------------------------------------------------------

--
-- Table structure for table `pilot`
--

DROP TABLE IF EXISTS `pilot`;
CREATE TABLE IF NOT EXISTS `pilot` (
  `ID` varchar(20) NOT NULL,
  `first_name` varchar(100) NOT NULL,
  `middle_name` varchar(100) NOT NULL,
  `last_name` varchar(100) NOT NULL,
  `rank` varchar(50) NOT NULL,
  `salary` int(200) NOT NULL
) ENGINE=MyISAM DEFAULT CHARSET=latin1;

--
-- Dumping data for table `pilot`
--

INSERT INTO `pilot` (`ID`, `first_name`, `middle_name`, `last_name`, `rank`, `salary`) VALUES
('156', 'ehab', 'sr', 'walid', 'captain', 25000);

-- --------------------------------------------------------

--
-- Table structure for table `pnr`
--

DROP TABLE IF EXISTS `pnr`;
CREATE TABLE IF NOT EXISTS `pnr` (
  `airline` varchar(20) NOT NULL,
  `flight_no` varchar(100) NOT NULL,
  `datef` date NOT NULL,
  `pass_name` varchar(200) NOT NULL,
  `ticket_ID` varchar(100) NOT NULL
) ENGINE=MyISAM DEFAULT CHARSET=latin1;

--
-- Dumping data for table `pnr`
--

INSERT INTO `pnr` (`airline`, `flight_no`, `datef`, `pass_name`, `ticket_ID`) VALUES
('RGE', '001', '2019-04-27', 'Walid', '0001'),
('RGE', '001', '2019-04-27', 'Walid', '0002'),
('RGE', '001', '2019-04-27', 'Walid', '0001'),
('RGE', '001', '2019-04-27', 'Walid', '0002'),
('RGE', '001', '2019-04-27', 'Walid', '0001'),
('RGE', '001', '2019-04-27', 'Walid', '0002'),
('RGE', '001', '2019-04-27', 'Walid', '0001'),
('RGE', '001', '2019-04-27', 'Walid', '0002'),
('RGE', '001', '2019-04-27', 'Walid', '0001'),
('RGE', '001', '2019-04-27', 'Walid', '0002'),
('RGE', '001', '2019-04-27', 'Samsi', '0001'),
('RGE', '001', '2019-04-27', 'Samsi', '0001'),
('RGE', '001', '2019-04-27', 'Samsi', '0001'),
('RGE', '001', '2019-04-27', 'Samsi', '0001'),
('RGE', '001', '2019-04-27', 'Samsi', '0001'),
('RGE', '001', '2019-04-27', 'Samsi', '0001'),
('RGE', '002', '2019-04-27', 'Walid', '0011'),
('RGE', '001', '2019-04-27', 'Mubasshir', '0001'),
('RGE', '001', '2019-04-27', 'Mubasshir', '0002');

-- --------------------------------------------------------

--
-- Table structure for table `ticket`
--

DROP TABLE IF EXISTS `ticket`;
CREATE TABLE IF NOT EXISTS `ticket` (
  `ID` varchar(10) NOT NULL,
  `price_Dollar` int(11) DEFAULT NULL,
  `type` varchar(20) DEFAULT NULL,
  `p_no` varchar(20) DEFAULT NULL,
  PRIMARY KEY (`ID`),
  KEY `p_no` (`p_no`)
) ENGINE=MyISAM DEFAULT CHARSET=latin1;

--
-- Dumping data for table `ticket`
--

INSERT INTO `ticket` (`ID`, `price_Dollar`, `type`, `p_no`) VALUES
('0001', 691, 'economy', NULL),
('0002', 691, 'economy', NULL),
('0003', 691, 'economy', NULL),
('0004', 691, 'economy', NULL),
('0005', 691, 'economy', NULL),
('0006', 695, 'business', NULL),
('0007', 695, 'business', NULL),
('0008', 695, 'business', NULL),
('0009', 695, 'business', NULL),
('0010', 695, 'business', NULL),
('0160', 80, 'economy', NULL),
('0159', 80, 'economy', NULL),
('0158', 80, 'economy', NULL),
('0157', 80, 'economy', NULL),
('0156', 80, 'economy', NULL),
('0155', 120, 'business', NULL),
('0154', 120, 'business', NULL),
('0153', 120, 'business', NULL),
('0152', 120, 'business', NULL),
('0151', 120, 'business', NULL),
('0150', 80, 'economy', NULL),
('0149', 80, 'economy', NULL),
('0148', 80, 'economy', NULL),
('0147', 80, 'economy', NULL),
('0146', 80, 'economy', NULL),
('0145', NULL, NULL, NULL),
('0144', NULL, NULL, NULL),
('0143', NULL, NULL, NULL),
('0142', NULL, NULL, NULL),
('0141', NULL, NULL, NULL),
('0140', 1300, 'economy', NULL),
('0139', 1300, 'economy', NULL),
('0138', 1300, 'economy', NULL),
('0137', 1300, 'economy', NULL),
('0136', 1300, 'economy', NULL),
('0135', 1300, 'economy', NULL),
('0134', 1300, 'economy', NULL),
('0133', 1300, 'economy', NULL),
('0132', 1300, 'economy', NULL),
('0131', 1300, 'economy', NULL),
('0130', 1300, 'economy', NULL),
('0129', 1300, 'economy', NULL),
('0128', 1300, 'economy', NULL),
('0127', 1300, 'economy', NULL),
('0126', 1300, 'economy', NULL),
('0125', 1300, 'economy', NULL),
('0124', 1300, 'economy', NULL),
('0123', 1300, 'economy', NULL),
('0122', 1300, 'economy', NULL),
('0121', 1300, 'economy', NULL),
('0120', 1300, 'economy', NULL),
('0119', 1300, 'economy', NULL),
('0118', 1300, 'economy', NULL),
('0117', 1300, 'economy', NULL),
('0116', 1300, 'economy', NULL),
('0115', 1300, 'economy', NULL),
('0114', 1300, 'economy', NULL),
('0113', 1300, 'economy', NULL),
('0112', 1300, 'economy', NULL),
('0111', 1300, 'economy', NULL),
('0110', 1300, 'economy', NULL),
('0109', 1300, 'economy', NULL),
('0108', 1300, 'economy', NULL),
('0107', 1300, 'economy', NULL),
('0106', 1300, 'economy', NULL),
('0105', 1300, 'economy', NULL),
('0104', 1300, 'economy', NULL),
('0103', 1300, 'economy', NULL),
('0102', 1300, 'economy', NULL),
('0101', 1300, 'economy', NULL),
('0100', 1300, 'economy', ''),
('0090', 1300, 'economy', NULL),
('0089', 1300, 'economy', NULL),
('0088', 1300, 'economy', NULL),
('0087', 1300, 'economy', NULL),
('0086', 1300, 'economy', NULL),
('0085', 1300, 'economy', NULL),
('0084', 1300, 'economy', NULL),
('0083', 1300, 'economy', NULL),
('0082', 1300, 'economy', NULL),
('0081', 1300, 'economy', NULL),
('0080', 1300, 'economy', NULL),
('0079', 1300, 'economy', NULL),
('0078', 1300, 'economy', NULL),
('0077', 1300, 'economy', NULL),
('0076', 1300, 'economy', NULL),
('0075', 1300, 'economy', NULL),
('0074', 1300, 'economy', NULL),
('0073', 1300, 'economy', NULL),
('0072', 1300, 'economy', NULL),
('0071', 1300, 'economy', NULL),
('0070', 1300, 'economy', NULL),
('0069', 1300, 'economy', NULL),
('0068', 1300, 'economy', NULL),
('0067', 1300, 'economy', NULL),
('0066', 1300, 'economy', NULL),
('0065', 1300, 'economy', NULL),
('0064', 1300, 'economy', NULL),
('0063', 1300, 'economy', NULL),
('0062', 1300, 'economy', NULL),
('0061', 1300, 'economy', NULL),
('0060', 1300, 'business', NULL),
('0059', 1300, 'business', NULL),
('0058', 1300, 'business', NULL),
('0057', 1300, 'business', NULL),
('0056', 1300, 'business', NULL),
('0055', 1300, 'economy', NULL),
('0054', 1300, 'economy', NULL),
('0053', 1300, 'economy', NULL),
('0052', 1300, 'economy', NULL),
('0051', 1300, 'economy', NULL),
('0050', 1300, 'business', NULL),
('0049', 1300, 'business', NULL),
('0048', 1300, 'business', NULL),
('0047', 1300, 'business', NULL),
('0046', 1300, 'business', NULL),
('0045', 1300, 'economy', NULL),
('0044', 1300, 'economy', NULL),
('0043', 1300, 'economy', NULL),
('0042', 1300, 'economy', NULL),
('0041', 1300, 'economy', NULL),
('0040', 1300, 'business', NULL),
('0039', 1300, 'business', NULL),
('0038', 1300, 'business', NULL),
('0037', 1300, 'business', NULL),
('0036', 1300, 'business', NULL),
('0035', 691, 'economy', NULL),
('0034', 691, 'economy', NULL),
('0033', 691, 'economy', NULL),
('0032', 691, 'economy', NULL),
('0031', 691, 'economy', NULL),
('0030', 710, 'business', NULL),
('0029', 710, 'business', NULL),
('0028', 710, 'business', NULL),
('0027', 710, 'business', NULL),
('0026', 710, 'business', NULL),
('0025', 708, 'economy', NULL),
('0024', 708, 'economy', NULL),
('0023', 708, 'economy', NULL),
('0022', 708, 'economy', NULL),
('0021', 708, 'economy', NULL),
('0020', 710, 'business', NULL),
('0019', 710, 'business', NULL),
('0018', 710, 'business', NULL),
('0017', 710, 'business', NULL),
('0016', 710, 'business', NULL),
('0015', 700, 'economy', NULL),
('0014', 700, 'economy', NULL),
('0013', 700, 'economy', NULL),
('0012', 700, 'economy', NULL),
('0011', 700, 'economy', NULL),
('0161', 120, 'business', NULL),
('0162', 120, 'business', NULL),
('0163', 120, 'business', NULL),
('0164', 120, 'business', NULL),
('0165', 120, 'business', NULL),
('0166', 80, 'economy', NULL),
('0167', 80, 'economy', NULL),
('0168', 80, 'economy', NULL),
('0169', 80, 'economy', NULL),
('0170', 80, 'economy', NULL),
('0171', 130, 'business', NULL),
('0172', 130, 'business', NULL),
('0173', 130, 'business', NULL),
('0174', 130, 'business', NULL),
('0175', 130, 'business', NULL),
('0176', 80, 'economy', NULL),
('0177', 80, 'economy', NULL),
('0178', 80, 'economy', NULL),
('0179', 80, 'economy', NULL),
('0180', 80, 'economy', NULL),
('0181', 120, 'business', NULL),
('0182', 120, 'business', NULL),
('0183', 120, 'business', NULL),
('0184', 120, 'business', NULL),
('0185', 120, 'business', NULL),
('0186', 90, 'economy', NULL),
('0187', 90, 'economy', NULL),
('0188', 90, 'economy', NULL),
('0189', 90, 'economy', NULL),
('0190', 90, 'economy', NULL),
('0191', 132, 'business', NULL),
('0192', 132, 'business', NULL),
('0193', 132, 'business', NULL),
('0194', 132, 'business', NULL),
('0195', 132, 'business', NULL),
('0196', 85, 'economy', NULL),
('0197', 85, 'economy', NULL),
('0198', 85, 'economy', NULL),
('0199', 85, 'economy', NULL),
('0200', 85, 'economy', NULL),
('0201', 600, 'economy', NULL),
('0202', 600, 'economy', NULL),
('0203', 600, 'economy', NULL),
('0204', 600, 'economy', NULL),
('0205', 600, 'economy', NULL),
('0206', 650, 'business', NULL),
('0207', 650, 'business', NULL),
('0208', 650, 'business', NULL),
('0209', 650, 'business', NULL),
('0210', 650, 'business', NULL),
('0211', 660, 'economy', NULL),
('0212', 660, 'economy', NULL),
('0213', 660, 'economy', NULL),
('0214', 660, 'economy', NULL),
('0215', 660, 'economy', NULL),
('0216', 700, 'business', NULL),
('0217', 700, 'business', NULL),
('0218', 700, 'business', NULL),
('0219', 700, 'business', NULL),
('0220', 700, 'business', NULL),
('0221', 600, 'economy', NULL),
('0222', 600, 'economy', NULL),
('0223', 600, 'economy', NULL),
('0224', 600, 'economy', NULL),
('0225', 600, 'economy', NULL),
('0226', 650, 'business', NULL),
('0227', 650, 'business', NULL),
('0228', 650, 'business', NULL),
('0229', 650, 'business', NULL),
('0230', 650, 'business', NULL),
('0231', 655, 'economy', NULL),
('0232', 655, 'economy', NULL),
('0233', 655, 'economy', NULL),
('0234', 655, 'economy', NULL),
('0235', 655, 'economy', NULL),
('0236', 700, 'business', NULL),
('0237', 700, 'business', NULL),
('0238', 700, 'business', NULL),
('0239', 700, 'business', NULL),
('0240', 700, 'business', NULL),
('0241', 1000, 'economy', NULL),
('0242', 1000, 'economy', NULL),
('0243', 1000, 'economy', NULL),
('0244', 1000, 'economy', NULL),
('0245', 1000, 'economy', NULL),
('0246', 1030, 'business', NULL),
('0247', 1030, 'business', NULL),
('0248', 1030, 'business', NULL),
('0249', 1030, 'business', NULL),
('0250', 1030, 'business', NULL),
('0251', 995, 'economy', NULL),
('0252', 995, 'economy', NULL),
('0253', 995, 'economy', NULL),
('0254', 995, 'economy', NULL),
('0255', 995, 'economy', NULL),
('0256', 1015, 'business', NULL),
('0257', 1015, 'business', NULL),
('0258', 1015, 'business', NULL),
('0259', 1015, 'business', NULL),
('0260', 1015, 'business', NULL),
('0261', 396, 'economy', NULL),
('0262', 396, 'economy', NULL),
('0263', 396, 'economy', NULL),
('0264', 396, 'economy', NULL),
('0265', 396, 'economy', NULL),
('0266', 420, 'business', NULL),
('0267', 420, 'business', NULL),
('0268', 420, 'business', NULL),
('0269', 420, 'business', NULL),
('0270', 420, 'business', NULL),
('0271', 394, 'economy', NULL),
('0272', 394, 'economy', NULL),
('0273', 394, 'economy', NULL),
('0274', 394, 'economy', NULL),
('0275', 394, 'economy', NULL),
('0276', 430, 'business', NULL),
('0277', 430, 'business', NULL),
('0278', 430, 'business', NULL),
('0279', 430, 'business', NULL),
('0280', 430, 'business', NULL),
('0281', 400, 'economy', NULL),
('0282', 400, 'economy', NULL),
('0283', 400, 'economy', NULL),
('0284', 400, 'economy', NULL),
('0285', 400, 'economy', NULL),
('0286', 450, 'business', NULL),
('0287', 450, 'business', NULL),
('0288', 450, 'business', NULL),
('0289', 450, 'business', NULL),
('0290', 450, 'business', NULL),
('0291', 410, 'economy', NULL),
('0292', 410, 'economy', NULL),
('0293', 410, 'economy', NULL),
('0294', 410, 'economy', NULL),
('0295', 410, 'economy', NULL),
('0296', 450, 'business', NULL),
('0297', 450, 'business', NULL),
('0298', 450, 'business', NULL),
('0299', 450, 'business', NULL),
('0300', 450, 'business', NULL),
('0301', 700, 'economy', NULL),
('0302', 700, 'economy', NULL),
('0303', 700, 'economy', NULL),
('0304', 700, 'economy', NULL),
('0305', 700, 'economy', NULL),
('0306', 750, 'business', NULL),
('0307', 750, 'business', NULL),
('0308', 750, 'business', NULL),
('0309', 750, 'business', NULL),
('0310', 750, 'business', NULL),
('0311', 685, 'economy', NULL),
('0312', 685, 'economy', NULL),
('3113', NULL, NULL, NULL),
('0314', 685, 'economy', NULL),
('0315', 685, 'economy', NULL),
('0316', 715, 'business', NULL),
('0317', 715, 'business', NULL),
('0318', 715, 'business', NULL),
('0319', 715, 'business', NULL),
('0320', 715, 'business', NULL),
('0091', 1300, 'economy', NULL),
('0092', 1300, 'economy', NULL),
('0093', 1300, 'economy', NULL),
('0094', 1300, 'economy', NULL),
('0095', 1300, 'economy', NULL),
('0096', 1300, 'economy', NULL),
('0097', 1300, 'economy', NULL),
('0098', 1300, 'economy', NULL),
('0099', 1300, 'economy', NULL),
('52', 230, 'business', NULL),
('0469', 230, 'business', NULL);

-- --------------------------------------------------------

--
-- Table structure for table `t_dst`
--

DROP TABLE IF EXISTS `t_dst`;
CREATE TABLE IF NOT EXISTS `t_dst` (
  `dst_ID` varchar(20) DEFAULT NULL,
  `ticket_ID` varchar(20) NOT NULL,
  `arv_time` time DEFAULT NULL,
  `dateF` date DEFAULT NULL,
  PRIMARY KEY (`ticket_ID`) USING BTREE
) ENGINE=MyISAM DEFAULT CHARSET=latin1;

--
-- Dumping data for table `t_dst`
--

INSERT INTO `t_dst` (`dst_ID`, `ticket_ID`, `arv_time`, `dateF`) VALUES
('CYXY', '0001', '07:30:00', '2019-04-28'),
('CYXY', '0002', '07:30:00', '2019-04-28'),
('CYXY', '0003', '07:30:00', '2019-04-28'),
('CYXY', '0004', '07:30:00', '2019-04-28'),
('CYXY', '0005', '07:30:00', '2019-04-28'),
('CYXY', '0006', '07:30:00', '2019-04-28'),
('CYXY', '0007', '07:30:00', '2019-04-28'),
('CYXY', '0008', '07:30:00', '2019-04-28'),
('CYXY', '0009', '07:30:00', '2019-04-28'),
('CYXY', '0010', '07:30:00', '2019-04-28'),
('VGHS', '0011', '09:50:00', '2019-04-30'),
('VGHS', '0012', '09:50:00', '2019-04-30'),
('VGHS', '0013', '09:50:00', '2019-04-30'),
('VGHS', '0014', '09:50:00', '2019-04-30'),
('VGHS', '0015', '09:50:00', '2019-04-30'),
('VGHS', '0016', '09:50:00', '2019-04-30'),
('VGHS', '0017', '09:50:00', '2019-04-30'),
('VGHS', '0018', '09:50:00', '2019-04-30'),
('VGHS', '0019', '09:50:00', '2019-04-30'),
('VGHS', '0020', '09:50:00', '2019-04-30'),
('CYQB', '0021', '09:30:00', '2019-04-28'),
('CYQB', '0022', '09:30:00', '2019-04-28'),
('CYQB', '0023', '09:30:00', '2019-04-28'),
('CYQB', '0024', '09:30:00', '2019-04-28'),
('CYQB', '0025', '09:30:00', '2019-04-28'),
('CYQB', '0026', '09:30:00', '2019-04-28'),
('CYQB', '0027', '09:30:00', '2019-04-28'),
('CYQB', '0028', '09:30:00', '2019-04-28'),
('CYQB', '0029', '09:30:00', '2019-04-28'),
('CYQB', '0030', '09:30:00', '2019-04-28'),
('VGEG', '0031', '06:30:00', '2019-04-30'),
('VGEG', '0032', '06:30:00', '2019-04-30'),
('VGEG', '0033', '06:30:00', '2019-04-30'),
('VGEG', '0034', '06:30:00', '2019-04-30'),
('VGEG', '0035', '06:30:00', '2019-04-30'),
('VGEG', '0036', '06:30:00', '2019-04-30'),
('VGEG', '0037', '06:30:00', '2019-04-30'),
('VGEG', '0038', '06:30:00', '2019-04-30'),
('VGEG', '0039', '06:30:00', '2019-04-30'),
('VGEG', '0040', '06:30:00', '2019-04-30'),
('SBGL', '0041', '12:00:00', '2019-04-30'),
('SBGL', '0042', '12:00:00', '2019-04-30'),
('SBGL', '0043', '12:00:00', '2019-04-30'),
('SBGL', '0044', '12:00:00', '2019-04-30'),
('SBGL', '0045', '12:00:00', '2019-04-30'),
('SBGL', '0046', '12:00:00', '2019-04-30'),
('SBGL', '0047', '12:00:00', '2019-04-30'),
('SBGL', '0048', '12:00:00', '2019-04-30'),
('SBGL', '0049', '12:00:00', '2019-04-30'),
('SBGL', '0050', '12:00:00', '2019-04-30'),
('VGHS', '0051', '00:04:00', '2019-05-03'),
('VGHS', '0052', '00:04:00', '2019-05-03'),
('VGHS', '0053', '00:04:00', '2019-05-03'),
('VGHS', '0054', '00:04:00', '2019-05-03'),
('VGHS', '0055', '00:04:00', '2019-05-03'),
('VGHS', '0056', '00:04:00', '2019-05-03'),
('VGHS', '0057', '00:04:00', '2019-05-03'),
('VGHS', '0058', '00:04:00', '2019-05-03'),
('VGHS', '0059', '00:04:00', '2019-05-03'),
('VGHS', '0060', '00:04:00', '2019-05-03'),
('SBHT', '0061', '00:40:00', '2019-05-02'),
('SBHT', '0062', '00:40:00', '2019-05-02'),
('SBHT', '0063', '00:40:00', '2019-05-02'),
('SBHT', '0064', '00:40:00', '2019-05-02'),
('SBHT', '0065', '00:40:00', '2019-05-02'),
('SBHT', '0066', '00:40:00', '2019-05-02'),
('SBHT', '0067', '00:40:00', '2019-05-02'),
('SBHT', '0068', '00:40:00', '2019-05-02'),
('SBHT', '0069', '00:40:00', '2019-05-02'),
('SBHT', '0070', '00:40:00', '2019-05-02'),
('VGEG', '0071', '00:50:00', '2019-05-05'),
('VGEG', '0072', '00:50:00', '2019-05-05'),
('VGEG', '0073', '00:50:00', '2019-05-05'),
('VGEG', '0074', '00:50:00', '2019-05-05'),
('VGEG', '0075', '00:50:00', '2019-05-05'),
('VGEG', '0076', '00:50:00', '2019-05-05'),
('VGEG', '0077', '00:50:00', '2019-05-05'),
('VGEG', '0078', '00:50:00', '2019-05-05'),
('VGEG', '0079', '00:50:00', '2019-05-05'),
('VGEG', '0080', '00:50:00', '2019-05-05'),
('ZBAA', '0081', '15:30:00', '2019-04-28'),
('ZBAA', '0082', '15:30:00', '2019-04-28'),
('ZBAA', '0083', '15:30:00', '2019-04-28'),
('ZBAA', '0084', '15:30:00', '2019-04-28'),
('ZBAA', '0085', '15:30:00', '2019-04-28'),
('ZBAA', '0086', '15:30:00', '2019-04-28'),
('ZBAA', '0087', '15:30:00', '2019-04-28'),
('ZBAA', '0088', '15:30:00', '2019-04-28'),
('ZBAA', '0089', '15:30:00', '2019-04-28'),
('ZBAA', '0090', '15:30:00', '2019-04-28'),
('VGHS', '0091', '23:50:00', '2019-04-28'),
('VGHS', '0092', '23:50:00', '2019-04-28'),
('VGHS', '0093', '23:50:00', '2019-04-28'),
('VGHS', '0094', '23:50:00', '2019-04-28'),
('VGHS', '0095', '23:50:00', '2019-04-28'),
('VGHS', '0096', '23:50:00', '2019-04-28'),
('VGHS', '0097', '23:50:00', '2019-04-28'),
('VGHS', '0098', '23:50:00', '2019-04-28'),
('VGHS', '0099', '23:50:00', '2019-04-28'),
('VGHS', '0100', '23:50:00', '2019-04-28'),
('ZUCK', '0101', '08:30:00', '2019-04-29'),
('ZUCK', '0102', '08:30:00', '2019-04-29'),
('ZUCK', '0103', '08:30:00', '2019-04-29'),
('ZUCK', '0104', '08:30:00', '2019-04-29'),
('ZUCK', '0105', '08:30:00', '2019-04-29'),
('ZUCK', '0106', '08:30:00', '2019-04-29'),
('ZUCK', '0107', '08:30:00', '2019-04-29'),
('ZUCK', '0108', '08:30:00', '2019-04-29'),
('ZUCK', '0109', '08:30:00', '2019-04-29'),
('ZUCK', '0110', '08:30:00', '2019-04-29'),
('VGEG', '0111', '16:50:00', '2019-04-29'),
('VGEG', '0112', '16:50:00', '2019-04-29'),
('VGEG', '0113', '16:50:00', '2019-04-29'),
('VGEG', '0114', '16:50:00', '2019-04-29'),
('VGEG', '0115', '16:50:00', '2019-04-29'),
('VGEG', '0116', '16:50:00', '2019-04-29'),
('VGEG', '0117', '16:50:00', '2019-04-29'),
('VGEG', '0118', '16:50:00', '2019-04-29'),
('VGEG', '0119', '16:50:00', '2019-04-29'),
('VGEG', '0120', '16:50:00', '2019-04-29'),
('IFHA', '0121', '18:30:00', '2019-04-27'),
('IFHA', '0122', '18:30:00', '2019-04-27'),
('IFHA', '0123', '18:30:00', '2019-04-27'),
('IFHA', '0124', '18:30:00', '2019-04-27'),
('IFHA', '0125', '18:30:00', '2019-04-27'),
('IFHA', '0126', '18:30:00', '2019-04-27'),
('IFHA', '0127', '18:30:00', '2019-04-27'),
('IFHA', '0128', '18:30:00', '2019-04-27'),
('IFHA', '0129', '18:30:00', '2019-04-27'),
('IFHA', '0130', '18:30:00', '2019-04-27'),
('VGHS', '0131', '05:50:00', '2019-04-30'),
('VGHS', '0132', '05:50:00', '2019-04-30'),
('VGHS', '0133', '05:50:00', '2019-04-30'),
('VGHS', '0134', '05:50:00', '2019-04-30'),
('VGHS', '0135', '05:50:00', '2019-04-30'),
('VGHS', '0136', '05:50:00', '2019-04-30'),
('VGHS', '0137', '05:50:00', '2019-04-30'),
('VGHS', '0138', '05:50:00', '2019-04-30'),
('VGHS', '0139', '05:50:00', '2019-04-30'),
('VGHS', '0140', '05:50:00', '2019-04-30'),
('DNAA', '0141', '17:50:00', '2019-05-01'),
('DNAA', '0142', '17:50:00', '2019-05-01'),
('DNAA', '0143', '17:50:00', '2019-05-01'),
('DNAA', '0144', '17:50:00', '2019-05-01'),
('DNAA', '0145', '17:50:00', '2019-05-01'),
('DNAA', '0146', '17:50:00', '2019-05-01'),
('DNAA', '0147', '17:50:00', '2019-05-01'),
('DNAA', '0148', '17:50:00', '2019-05-01'),
('DNAA', '0149', '17:50:00', '2019-05-01'),
('DNAA', '0150', '17:50:00', '2019-05-01'),
('VGHS', '0151', '18:55:00', '2019-05-03'),
('VGHS', '0152', '18:55:00', '2019-05-03'),
('VGHS', '0153', '18:55:00', '2019-05-03'),
('VGHS', '0154', '18:55:00', '2019-05-03'),
('VGHS', '0155', '18:55:00', '2019-05-03'),
('VGHS', '0156', '18:55:00', '2019-05-03'),
('VGHS', '0157', '18:55:00', '2019-05-03'),
('VGHS', '0158', '18:55:00', '2019-05-03'),
('VGHS', '0159', '18:55:00', '2019-05-03'),
('VGHS', '0160', '18:55:00', '2019-05-03'),
('DNAA', '0161', '21:00:00', '2019-04-29'),
('DNAA', '0162', '21:00:00', '2019-04-29'),
('DNAA', '0163', '21:00:00', '2019-04-29'),
('DNAA', '0164', '21:00:00', '2019-04-29'),
('DNAA', '0165', '21:00:00', '2019-04-29'),
('DNAA', '0166', '21:00:00', '2019-04-29'),
('DNAA', '0167', '21:00:00', '2019-04-29'),
('DNAA', '0168', '21:00:00', '2019-04-29'),
('DNAA', '0169', '21:00:00', '2019-04-29'),
('DNAA', '0170', '21:00:00', '2019-04-29'),
('VGEG', '0171', '04:20:00', '2019-05-02'),
('VGEG', '0172', '04:20:00', '2019-05-02'),
('VGEG', '0173', '04:20:00', '2019-05-02'),
('VGEG', '0174', '04:20:00', '2019-05-02'),
('VGEG', '0175', '04:20:00', '2019-05-02'),
('VGEG', '0176', '04:20:00', '2019-05-02'),
('VGEG', '0177', '04:20:00', '2019-05-02'),
('VGEG', '0178', '04:20:00', '2019-05-02'),
('VGEG', '0179', '04:20:00', '2019-05-02'),
('VGEG', '0180', '04:20:00', '2019-05-02'),
('DNEN', '0181', '09:30:00', '2019-05-01'),
('DNEN', '0182', '09:30:00', '2019-05-01'),
('DNEN', '0183', '09:30:00', '2019-05-01'),
('DNEN', '0184', '09:30:00', '2019-05-01'),
('DNEN', '0185', '09:30:00', '2019-05-01'),
('DNEN', '0186', '09:30:00', '2019-05-01'),
('DNEN', '0187', '09:30:00', '2019-05-01'),
('DNEN', '0188', '09:30:00', '2019-05-01'),
('DNEN', '0189', '09:30:00', '2019-05-01'),
('DNEN', '0190', '09:30:00', '2019-05-01'),
('VGEG', '0191', '06:50:00', '2019-05-03'),
('VGEG', '0192', '06:50:00', '2019-05-03'),
('VGEG', '0193', '06:50:00', '2019-05-03'),
('VGEG', '0194', '06:50:00', '2019-05-03'),
('VGEG', '0195', '06:50:00', '2019-05-03'),
('VGEG', '0196', '06:50:00', '2019-05-03'),
('VGEG', '0197', '06:50:00', '2019-05-03'),
('VGEG', '0198', '06:50:00', '2019-05-03'),
('VGEG', '0199', '06:50:00', '2019-05-03'),
('VGEG', '0200', '06:50:00', '2019-05-03'),
('UUOB', '0201', '14:30:00', '2019-04-28'),
('UUOB', '0202', '14:30:00', '2019-04-28'),
('UUOB', '0203', '14:30:00', '2019-04-28'),
('UUOB', '0204', '14:30:00', '2019-04-28'),
('UUOB', '0205', '14:30:00', '2019-04-28'),
('UUOB', '0206', '14:30:00', '2019-04-28'),
('UUOB', '0207', '14:30:00', '2019-04-28'),
('UUOB', '0208', '14:30:00', '2019-04-28'),
('UUOB', '0209', '14:30:00', '2019-04-28'),
('UUOB', '0210', '14:30:00', '2019-04-28'),
('VGHS', '0211', '18:00:00', '2019-04-29'),
('VGHS', '0212', '18:00:00', '2019-04-29'),
('VGHS', '0213', '18:00:00', '2019-04-29'),
('VGHS', '0214', '18:00:00', '2019-04-29'),
('VGHS', '0215', '18:00:00', '2019-04-29'),
('VGHS', '0216', '18:00:00', '2019-04-29'),
('VGHS', '0217', '18:00:00', '2019-04-29'),
('VGHS', '0218', '18:00:00', '2019-04-29'),
('VGHS', '0219', '18:00:00', '2019-04-29'),
('VGHS', '0220', '18:00:00', '2019-04-29'),
('UUEE', '0221', '13:50:00', '2019-04-30'),
('UUEE', '0222', '13:50:00', '2019-04-30'),
('UUEE', '0223', '13:50:00', '2019-04-30'),
('UUEE', '0224', '13:50:00', '2019-04-30'),
('UUEE', '0225', '13:50:00', '2019-04-30'),
('UUEE', '0226', '13:50:00', '2019-04-30'),
('UUEE', '0227', '13:50:00', '2019-04-30'),
('UUEE', '0228', '13:50:00', '2019-04-30'),
('UUEE', '0229', '13:50:00', '2019-04-30'),
('UUEE', '0230', '13:50:00', '2019-04-30'),
('VGEG', '0231', '18:30:00', '2019-05-01'),
('VGEG', '0232', '18:30:00', '2019-05-01'),
('VGEG', '0233', '18:30:00', '2019-05-01'),
('VGEG', '0234', '18:30:00', '2019-05-01'),
('VGEG', '0235', '18:30:00', '2019-05-01'),
('VGEG', '0236', '18:30:00', '2019-05-01'),
('VGEG', '0237', '18:30:00', '2019-05-01'),
('VGEG', '0238', '18:30:00', '2019-05-01'),
('VGEG', '0239', '18:30:00', '2019-05-01'),
('VGEG', '0240', '18:30:00', '2019-05-01'),
('EFMI', '0241', '04:00:00', '2019-04-28'),
('EFMI', '0242', '04:00:00', '2019-04-28'),
('EFMI', '0243', '04:00:00', '2019-04-28'),
('EFMI', '0244', '04:00:00', '2019-04-28'),
('EFMI', '0245', '04:00:00', '2019-04-28'),
('EFMI', '0246', '04:00:00', '2019-04-28'),
('EFMI', '0247', '04:00:00', '2019-04-28'),
('EFMI', '0248', '04:00:00', '2019-04-28'),
('EFMI', '0249', '04:00:00', '2019-04-28'),
('EFMI', '0250', '04:00:00', '2019-04-28'),
('VGHS', '0251', '01:00:00', '2019-04-30'),
('VGHS', '0252', '01:00:00', '2019-04-30'),
('VGHS', '0253', '01:00:00', '2019-04-30'),
('VGHS', '0254', '01:00:00', '2019-04-30'),
('VGHS', '0255', '01:00:00', '2019-04-30'),
('VGHS', '0256', '01:00:00', '2019-04-30'),
('VGHS', '0257', '01:00:00', '2019-04-30'),
('VGHS', '0258', '01:00:00', '2019-04-30'),
('VGHS', '0259', '01:00:00', '2019-04-30'),
('VGHS', '0260', '01:00:00', '2019-04-30'),
('ZBAA', '0261', '07:00:00', '2019-05-01'),
(NULL, '2162', NULL, NULL),
('ZBAA', '0263', '07:00:00', '2019-05-01'),
('ZBAA', '0264', '07:00:00', '2019-05-01'),
('ZBAA', '0265', '07:00:00', '2019-05-01'),
('ZBAA', '0266', '07:00:00', '2019-05-01'),
('ZBAA', '0267', '07:00:00', '2019-05-01'),
('ZBAA', '0268', '07:00:00', '2019-05-01'),
('ZBAA', '0269', '07:00:00', '2019-05-01'),
('ZBAA', '0270', '07:00:00', '2019-05-01'),
('VGHS', '0271', '18:00:00', '2019-05-01'),
('VGHS', '0272', '18:00:00', '2019-05-01'),
('VGHS', '0273', '18:00:00', '2019-05-01'),
('VGHS', '0274', '18:00:00', '2019-05-01'),
('VGHS', '0275', '18:00:00', '2019-05-01'),
('VGHS', '0276', '18:00:00', '2019-05-01'),
('VGHS', '0277', '18:00:00', '2019-05-01'),
('VGHS', '0278', '18:00:00', '2019-05-01'),
('VGHS', '0279', '18:00:00', '2019-05-01'),
('VGHS', '0280', '18:00:00', '2019-05-01'),
('ZUCK', '0281', '15:30:00', '2019-04-30'),
('ZUCK', '0282', '15:30:00', '2019-04-30'),
('ZUCK', '0283', '15:30:00', '2019-04-30'),
('ZUCK', '0284', '15:30:00', '2019-04-30'),
('ZUCK', '0285', '15:30:00', '2019-04-30'),
('ZUCK', '0286', '15:30:00', '2019-04-30'),
('ZUCK', '0287', '15:30:00', '2019-04-30'),
('ZUCK', '0288', '15:30:00', '2019-04-30'),
('ZUCK', '0289', '15:30:00', '2019-04-30'),
('ZUCK', '0290', '15:30:00', '2019-04-30'),
('VGHS', '0291', '23:00:00', '2019-04-30'),
('VGHS', '0292', '23:00:00', '2019-04-30'),
('VGHS', '0293', '23:00:00', '2019-04-30'),
('VGHS', '0294', '23:00:00', '2019-04-30'),
('VGHS', '0295', '23:00:00', '2019-04-30'),
('VGHS', '0296', '23:00:00', '2019-04-30'),
('VGHS', '0297', '23:00:00', '2019-04-30'),
('VGHS', '0298', '23:00:00', '2019-04-30'),
('VGHS', '0299', '23:00:00', '2019-04-30'),
('VGHS', '0300', '23:00:00', '2019-04-30'),
('CYXY', '0301', '20:50:00', '2019-04-28'),
('CYXY', '0302', '20:50:00', '2019-04-28'),
('CYXY', '0303', '20:50:00', '2019-04-28'),
('CYXY', '0304', '20:50:00', '2019-04-28'),
('CYXY', '0305', '20:50:00', '2019-04-28'),
('CYXY', '0306', '20:50:00', '2019-04-28'),
('CYXY', '0307', '20:50:00', '2019-04-28'),
('CYXY', '0308', '20:50:00', '2019-04-28'),
('CYXY', '0309', '20:50:00', '2019-04-28'),
('CYXY', '0310', '20:50:00', '2019-04-28'),
('VGEG', '0311', '09:30:00', '2019-05-01'),
('VGEG', '0312', '09:30:00', '2019-05-01'),
(NULL, '3113', NULL, NULL),
('VGEG', '0314', '09:30:00', '2019-05-01'),
('VGEG', '0315', '09:30:00', '2019-05-01'),
('VGEG', '0316', '09:30:00', '2019-05-01'),
('VGEG', '0317', '09:30:00', '2019-05-01'),
('VGEG', '0318', '09:30:00', '2019-05-01'),
('VGEG', '0319', '09:30:00', '2019-05-01'),
('VGEG', '0320', '09:30:00', '2019-05-01');

-- --------------------------------------------------------

--
-- Table structure for table `t_src`
--

DROP TABLE IF EXISTS `t_src`;
CREATE TABLE IF NOT EXISTS `t_src` (
  `src_ID` varchar(20) DEFAULT NULL,
  `ticket_ID` varchar(20) NOT NULL,
  `dep_time` time DEFAULT NULL,
  `dateF` date DEFAULT NULL,
  PRIMARY KEY (`ticket_ID`) USING BTREE
) ENGINE=MyISAM DEFAULT CHARSET=latin1;

--
-- Dumping data for table `t_src`
--

INSERT INTO `t_src` (`src_ID`, `ticket_ID`, `dep_time`, `dateF`) VALUES
('VGHS', '0001', '09:20:00', '2019-04-27'),
('VGHS', '0002', '09:20:00', '2019-04-27'),
('VGHS', '0003', '09:20:00', '2019-04-27'),
('VGHS', '0004', '09:20:00', '2019-04-27'),
('VGHS', '0005', '09:20:00', '2019-04-27'),
('VGHS', '0006', '09:20:00', '2019-04-27'),
('VGHS', '0007', '09:20:00', '2019-04-27'),
('VGHS', '0008', '09:20:00', '2019-04-27'),
('VGHS', '0009', '09:20:00', '2019-04-27'),
('VGHS', '0010', '09:20:00', '2019-04-27'),
('CYXY', '0011', '10:35:00', '2019-04-29'),
('CYXY', '0012', '10:35:00', '2019-04-29'),
('CYXY', '0013', '10:35:00', '2019-04-29'),
('CYXY', '0014', '10:35:00', '2019-04-29'),
('CYXY', '0015', '10:35:00', '2019-04-29'),
('CYXY', '0016', '10:35:00', '2019-04-29'),
('CYXY', '0017', '10:35:00', '2019-04-29'),
('CYXY', '0018', '10:35:00', '2019-04-29'),
('CYXY', '0019', '10:35:00', '2019-04-29'),
('CYXY', '0020', '10:35:00', '2019-04-29'),
('VGEG', '0021', '10:50:00', '2019-04-27'),
('VGEG', '0022', '10:50:00', '2019-04-27'),
('VGEG', '0023', '10:50:00', '2019-04-27'),
('VGEG', '0024', '10:50:00', '2019-04-27'),
('VGEG', '0025', '10:50:00', '2019-04-27'),
('VGEG', '0026', '10:50:00', '2019-04-27'),
('VGEG', '0027', '10:50:00', '2019-04-27'),
('VGEG', '0028', '10:50:00', '2019-04-27'),
('VGEG', '0029', '10:50:00', '2019-04-27'),
('VGEG', '0030', '10:50:00', '2019-04-27'),
('CYQB', '0031', '08:00:00', '2019-04-29'),
('CYQB', '0032', '08:00:00', '2019-04-29'),
('CYQB', '0033', '08:00:00', '2019-04-29'),
('CYQB', '0034', '08:00:00', '2019-04-29'),
('CYQB', '0035', '08:00:00', '2019-04-29'),
('CYQB', '0036', '08:00:00', '2019-04-29'),
('CYQB', '0037', '08:00:00', '2019-04-29'),
('CYQB', '0038', '08:00:00', '2019-04-29'),
('CYQB', '0039', '08:00:00', '2019-04-29'),
('CYQB', '0040', '08:00:00', '2019-04-29'),
('VGHS', '0041', '00:50:00', '2019-04-28'),
('VGHS', '0042', '00:50:00', '2019-04-28'),
('VGHS', '0043', '00:50:00', '2019-04-28'),
('VGHS', '0044', '00:50:00', '2019-04-28'),
('VGHS', '0045', '00:50:00', '2019-04-28'),
('VGHS', '0046', '00:50:00', '2019-04-28'),
('VGHS', '0047', '00:50:00', '2019-04-28'),
('VGHS', '0048', '00:50:00', '2019-04-28'),
('VGHS', '0049', '00:50:00', '2019-04-28'),
('VGHS', '0050', '00:50:00', '2019-04-28'),
('SBGL', '0051', '10:30:00', '2019-05-01'),
('SBGL', '0052', '10:30:00', '2019-05-01'),
('SBGL', '0053', '10:30:00', '2019-05-01'),
('SBGL', '0054', '10:30:00', '2019-05-01'),
('SBGL', '0055', '10:30:00', '2019-05-01'),
('SBGL', '0056', '10:30:00', '2019-05-01'),
('SBGL', '0057', '10:30:00', '2019-05-01'),
('SBGL', '0058', '10:30:00', '2019-05-01'),
('SBGL', '0059', '10:30:00', '2019-05-01'),
('SBGL', '0060', '10:30:00', '2019-05-01'),
('VGEG', '0061', '10:30:00', '2019-04-30'),
('VGEG', '0062', '10:30:00', '2019-04-30'),
('VGEG', '0063', '10:30:00', '2019-04-30'),
('VGEG', '0064', '10:30:00', '2019-04-30'),
('VGEG', '0065', '10:30:00', '2019-04-30'),
('VGEG', '0066', '10:30:00', '2019-04-30'),
('VGEG', '0067', '10:30:00', '2019-04-30'),
('VGEG', '0068', '10:30:00', '2019-04-30'),
('VGEG', '0069', '10:30:00', '2019-04-30'),
('VGEG', '0070', '10:30:00', '2019-04-30'),
('SBHT', '0071', '12:00:00', '2019-05-03'),
('SBHT', '0072', '12:00:00', '2019-05-03'),
('SBHT', '0073', '12:00:00', '2019-05-03'),
('SBHT', '0074', '12:00:00', '2019-05-03'),
('SBHT', '0075', '12:00:00', '2019-05-03'),
('SBHT', '0076', '12:00:00', '2019-05-03'),
('SBHT', '0077', '12:00:00', '2019-05-03'),
('SBHT', '0078', '12:00:00', '2019-05-03'),
('SBHT', '0079', '12:00:00', '2019-05-03'),
('SBHT', '0080', '12:00:00', '2019-05-03'),
('VGHS', '0081', '09:00:00', '2019-04-28'),
('VGHS', '0082', '09:00:00', '2019-04-28'),
('VGHS', '0083', '09:00:00', '2019-04-28'),
('VGHS', '0084', '09:00:00', '2019-04-28'),
('VGHS', '0085', '09:00:00', '2019-04-28'),
('VGHS', '0086', '09:00:00', '2019-04-28'),
('VGHS', '0087', '09:00:00', '2019-04-28'),
('VGHS', '0088', '09:00:00', '2019-04-28'),
('VGHS', '0089', '09:00:00', '2019-04-28'),
('VGHS', '0090', '09:00:00', '2019-04-28'),
('ZBAA', '0100', '17:00:00', '2019-04-28'),
('VGEG', '0101', '02:00:00', '2019-04-29'),
('VGEG', '0102', '02:00:00', '2019-04-29'),
('VGEG', '0103', '02:00:00', '2019-04-29'),
('VGEG', '0104', '02:00:00', '2019-04-29'),
('VGEG', '0105', '02:00:00', '2019-04-29'),
('VGEG', '0106', '02:00:00', '2019-04-29'),
('VGEG', '0107', '02:00:00', '2019-04-29'),
('VGEG', '0108', '02:00:00', '2019-04-29'),
('VGEG', '0109', '02:00:00', '2019-04-29'),
('VGEG', '0110', '02:00:00', '2019-04-29'),
('ZUCK', '0111', '10:00:00', '2019-04-29'),
('ZUCK', '0112', '10:00:00', '2019-04-29'),
('ZUCK', '0113', '10:00:00', '2019-04-29'),
('ZUCK', '0114', '10:00:00', '2019-04-29'),
('ZUCK', '0115', '10:00:00', '2019-04-29'),
('ZUCK', '0116', '10:00:00', '2019-04-29'),
('ZUCK', '0117', '10:00:00', '2019-04-29'),
('ZUCK', '0118', '10:00:00', '2019-04-29'),
('ZUCK', '0119', '10:00:00', '2019-04-29'),
('ZUCK', '0120', '10:00:00', '2019-04-29'),
('VGHS', '0121', '01:20:00', '2019-04-27'),
('VGHS', '0122', '01:20:00', '2019-04-27'),
('VGHS', '0123', '01:20:00', '2019-04-27'),
('VGHS', '0124', '01:20:00', '2019-04-27'),
('VGHS', '0125', '01:20:00', '2019-04-27'),
('VGHS', '0126', '01:20:00', '2019-04-27'),
('VGHS', '0127', '01:20:00', '2019-04-27'),
('VGHS', '0128', '01:20:00', '2019-04-27'),
('VGHS', '0129', '01:20:00', '2019-04-27'),
('VGHS', '0130', '01:20:00', '2019-04-27'),
('IFHA', '0131', '10:15:00', '2019-04-29'),
('IFHA', '0132', '10:15:00', '2019-04-29'),
('IFHA', '0133', '10:15:00', '2019-04-29'),
('IFHA', '0134', '10:15:00', '2019-04-29'),
('IFHA', '0135', '10:15:00', '2019-04-29'),
('IFHA', '0136', '10:15:00', '2019-04-29'),
('IFHA', '0137', '10:15:00', '2019-04-29'),
('IFHA', '0138', '10:15:00', '2019-04-29'),
('IFHA', '0139', '10:15:00', '2019-04-29'),
('IFHA', '0140', '10:15:00', '2019-04-29'),
('VGHS', '0141', '02:00:00', '2019-05-01'),
('VGHS', '0142', '02:00:00', '2019-05-01'),
('VGHS', '0143', '02:00:00', '2019-05-01'),
('VGHS', '0144', '02:00:00', '2019-05-01'),
('VGHS', '0145', '02:00:00', '2019-05-01'),
('VGHS', '0146', '02:00:00', '2019-05-01'),
('VGHS', '0147', '02:00:00', '2019-05-01'),
('VGHS', '0148', '02:00:00', '2019-05-01'),
('VGHS', '0149', '02:00:00', '2019-05-01'),
('VGHS', '0150', '02:00:00', '2019-05-01'),
('DNAA', '0151', '01:30:00', '2019-05-03'),
('DNAA', '0152', '01:30:00', '2019-05-03'),
('DNAA', '0153', '01:30:00', '2019-05-03'),
('DNAA', '0154', '01:30:00', '2019-05-03'),
('DNAA', '0155', '01:30:00', '2019-05-03'),
('DNAA', '0156', '01:30:00', '2019-05-03'),
('DNAA', '0157', '01:30:00', '2019-05-03'),
('DNAA', '0158', '01:30:00', '2019-05-03'),
('DNAA', '0159', '01:30:00', '2019-05-03'),
('DNAA', '0160', '01:30:00', '2019-05-03'),
('ZBAA', '0091', '17:00:00', '2019-04-28'),
('ZBAA', '0092', '17:00:00', '2019-04-28'),
('ZBAA', '0093', '17:00:00', '2019-04-28'),
('ZBAA', '0094', '17:00:00', '2019-04-28'),
('ZBAA', '0095', '17:00:00', '2019-04-28'),
('ZBAA', '0096', '17:00:00', '2019-04-28'),
('ZBAA', '0097', '17:00:00', '2019-04-28'),
('ZBAA', '0098', '17:00:00', '2019-04-28'),
('ZBAA', '0099', '17:00:00', '2019-04-28'),
('VGEG', '0161', '00:30:00', '2019-04-29'),
('VGEG', '0162', '00:30:00', '2019-04-29'),
('VGEG', '0163', '00:30:00', '2019-04-29'),
('VGEG', '0164', '00:30:00', '2019-04-29'),
('VGEG', '0165', '00:30:00', '2019-04-29'),
('VGEG', '0166', '00:30:00', '2019-04-29'),
('VGEG', '0167', '00:30:00', '2019-04-29'),
('VGEG', '0168', '00:30:00', '2019-04-29'),
('VGEG', '0169', '00:30:00', '2019-04-29'),
('VGEG', '0170', '00:30:00', '2019-04-29'),
('DNAA', '0171', '11:00:00', '2019-05-01'),
('DNAA', '0172', '11:00:00', '2019-05-01'),
('DNAA', '0173', '11:00:00', '2019-05-01'),
('DNAA', '0174', '11:00:00', '2019-05-01'),
('DNAA', '0175', '11:00:00', '2019-05-01'),
('DNAA', '0176', '11:00:00', '2019-05-01'),
('DNAA', '0177', '11:00:00', '2019-05-01'),
('DNAA', '0178', '11:00:00', '2019-05-01'),
('DNAA', '0179', '11:00:00', '2019-05-01'),
('DNAA', '0180', '11:00:00', '2019-05-01'),
('VGEG', '0181', '16:00:00', '2019-04-30'),
('VGEG', '0182', '16:00:00', '2019-04-30'),
('VGEG', '0183', '16:00:00', '2019-04-30'),
('VGEG', '0184', '16:00:00', '2019-04-30'),
('VGEG', '0185', '16:00:00', '2019-04-30'),
('VGEG', '0186', '16:00:00', '2019-04-30'),
('VGEG', '0187', '16:00:00', '2019-04-30'),
('VGEG', '0188', '16:00:00', '2019-04-30'),
('VGEG', '0189', '16:00:00', '2019-04-30'),
('VGEG', '0190', '16:00:00', '2019-04-30'),
('DNEN', '0191', '13:00:00', '2019-05-02'),
('DNEN', '0192', '13:00:00', '2019-05-02'),
('DNEN', '0193', '13:00:00', '2019-05-02'),
('DNEN', '0194', '13:00:00', '2019-05-02'),
('DNEN', '0195', '13:00:00', '2019-05-02'),
('DNEN', '0196', '13:00:00', '2019-05-02'),
('DNEN', '0197', '13:00:00', '2019-05-02'),
('DNEN', '0198', '13:00:00', '2019-05-02'),
('DNEN', '0199', '13:00:00', '2019-05-02'),
('DNEN', '0200', '13:00:00', '2019-05-02'),
('VGHS', '0202', '04:00:00', '2019-04-28'),
('VGHS', '0203', '04:00:00', '2019-04-28'),
('VGHS', '0204', '04:00:00', '2019-04-28'),
('VGHS', '0205', '04:00:00', '2019-04-28'),
('VGHS', '0206', '04:00:00', '2019-04-28'),
('VGHS', '0207', '04:00:00', '2019-04-28'),
('VGHS', '0208', '04:00:00', '2019-04-28'),
('VGHS', '0209', '04:00:00', '2019-04-28'),
('VGHS', '0210', '04:00:00', '2019-04-28'),
('UUOB', '0211', '07:00:00', '2019-04-29'),
('UUOB', '0212', '07:00:00', '2019-04-29'),
('UUOB', '0213', '07:00:00', '2019-04-29'),
('UUOB', '0214', '07:00:00', '2019-04-29'),
('UUOB', '0215', '07:00:00', '2019-04-29'),
('UUOB', '0216', '07:00:00', '2019-04-29'),
('UUOB', '0217', '07:00:00', '2019-04-29'),
('UUOB', '0218', '07:00:00', '2019-04-29'),
('UUOB', '0219', '07:00:00', '2019-04-29'),
('UUOB', '0220', '07:00:00', '2019-04-29'),
('VGEG', '0221', '00:30:00', '2019-04-30'),
('VGEG', '0222', '00:30:00', '2019-04-30'),
('VGEG', '0223', '00:30:00', '2019-04-30'),
('VGEG', '0224', '00:30:00', '2019-04-30'),
('VGEG', '0225', '00:30:00', '2019-04-30'),
('VGEG', '0226', '00:30:00', '2019-04-30'),
('VGEG', '0227', '00:30:00', '2019-04-30'),
('VGEG', '0228', '00:30:00', '2019-04-30'),
('VGEG', '0229', '00:30:00', '2019-04-30'),
('VGEG', '0230', '00:30:00', '2019-04-30'),
('UUEE', '0231', '08:00:00', '2019-05-01'),
('UUEE', '0232', '08:00:00', '2019-05-01'),
('UUEE', '0233', '08:00:00', '2019-05-01'),
('UUEE', '0234', '08:00:00', '2019-05-01'),
('UUEE', '0235', '08:00:00', '2019-05-01'),
('UUEE', '0236', '08:00:00', '2019-05-01'),
('UUEE', '0237', '08:00:00', '2019-05-01'),
('UUEE', '0238', '08:00:00', '2019-05-01'),
('UUEE', '0239', '08:00:00', '2019-05-01'),
('UUEE', '0240', '08:00:00', '2019-05-01'),
('VGHS', '0241', '09:00:00', '2019-04-27'),
('VGHS', '0242', '09:00:00', '2019-04-27'),
('VGHS', '0243', '09:00:00', '2019-04-27'),
('VGHS', '0244', '09:00:00', '2019-04-27'),
('VGHS', '0245', '09:00:00', '2019-04-27'),
('VGHS', '0246', '09:00:00', '2019-04-27'),
('VGHS', '0247', '09:00:00', '2019-04-27'),
('VGHS', '0248', '09:00:00', '2019-04-27'),
('VGHS', '0249', '09:00:00', '2019-04-27'),
('VGHS', '0250', '09:00:00', '2019-04-27'),
('EFMI', '0251', '05:00:00', '2019-04-27'),
('EFMI', '0252', '05:00:00', '2019-04-27'),
('EFMI', '0253', '05:00:00', '2019-04-27'),
('EFMI', '0254', '05:00:00', '2019-04-27'),
('EFMI', '0255', '05:00:00', '2019-04-27'),
('EFMI', '0256', '05:00:00', '2019-04-27'),
('EFMI', '0257', '05:00:00', '2019-04-27'),
('EFMI', '0258', '05:00:00', '2019-04-27'),
('EFMI', '0259', '05:00:00', '2019-04-27'),
('EFMI', '0260', '05:00:00', '2019-04-27'),
('VGHS', '0261', '01:00:00', '2019-05-01'),
(NULL, '2162', NULL, NULL),
('VGHS', '0263', '01:00:00', '2019-05-01'),
('VGHS', '0264', '01:00:00', '2019-05-01'),
('VGHS', '0265', '01:00:00', '2019-05-01'),
('VGHS', '0266', '01:00:00', '2019-05-01'),
('VGHS', '0267', '01:00:00', '2019-05-01'),
('VGHS', '0268', '01:00:00', '2019-05-01'),
('VGHS', '0269', '01:00:00', '2019-05-01'),
('VGHS', '0270', '01:00:00', '2019-05-01'),
('ZBAA', '0271', '12:00:00', '2019-05-01'),
('ZBAA', '0272', '12:00:00', '2019-05-01'),
('ZBAA', '0273', '12:00:00', '2019-05-01'),
('ZBAA', '0274', '12:00:00', '2019-05-01'),
('ZBAA', '0275', '12:00:00', '2019-05-01'),
('ZBAA', '0276', '12:00:00', '2019-05-01'),
('ZBAA', '0277', '12:00:00', '2019-05-01'),
('ZBAA', '0278', '12:00:00', '2019-05-01'),
('ZBAA', '0279', '12:00:00', '2019-05-01'),
('ZBAA', '0280', '12:00:00', '2019-05-01'),
('VGHS', '0281', '09:00:00', '2019-04-30'),
('VGHS', '0282', '09:00:00', '2019-04-30'),
('VGHS', '0283', '09:00:00', '2019-04-30'),
('VGHS', '0284', '09:00:00', '2019-04-30'),
('VGHS', '0285', '09:00:00', '2019-04-30'),
('VGHS', '0286', '09:00:00', '2019-04-30'),
('VGHS', '0287', '09:00:00', '2019-04-30'),
('VGHS', '0288', '09:00:00', '2019-04-30'),
('VGHS', '0289', '09:00:00', '2019-04-30'),
('VGHS', '0290', '09:00:00', '2019-04-30'),
('ZUCK', '0291', '16:00:00', '2019-04-30'),
('ZUCK', '0292', '16:00:00', '2019-04-30'),
('ZUCK', '0293', '16:00:00', '2019-04-30'),
('ZUCK', '0294', '16:00:00', '2019-04-30'),
('ZUCK', '0295', '16:00:00', '2019-04-30'),
('ZUCK', '0296', '16:00:00', '2019-04-30'),
('ZUCK', '0297', '16:00:00', '2019-04-30'),
('ZUCK', '0298', '16:00:00', '2019-04-30'),
('ZUCK', '0299', '16:00:00', '2019-04-30'),
('ZUCK', '0300', '16:00:00', '2019-04-30'),
('VGEG', '0301', '00:30:00', '2019-04-28'),
('VGEG', '0302', '00:30:00', '2019-04-28'),
('VGEG', '0303', '00:30:00', '2019-04-28'),
('VGEG', '0304', '00:30:00', '2019-04-28'),
('VGEG', '0305', '00:30:00', '2019-04-28'),
('VGEG', '0306', '00:30:00', '2019-04-28'),
('VGEG', '0307', '00:30:00', '2019-04-28'),
('VGEG', '0308', '00:30:00', '2019-04-28'),
('VGEG', '0309', '00:30:00', '2019-04-28'),
('VGEG', '0310', '00:30:00', '2019-04-28'),
('CYXY', '0311', '01:50:00', '2019-05-01'),
('CYXY', '0312', '01:50:00', '2019-05-01'),
(NULL, '3113', NULL, NULL),
('CYXY', '0314', '01:50:00', '2019-05-01'),
('CYXY', '0315', '01:50:00', '2019-05-01'),
('CYXY', '0316', '01:50:00', '2019-05-01'),
('CYXY', '0317', '01:50:00', '2019-05-01'),
('CYXY', '0318', '01:50:00', '2019-05-01'),
('CYXY', '0319', '01:50:00', '2019-05-01'),
('CYXY', '0320', '01:50:00', '2019-05-01'),
('VGHS', '0201', '04:00:00', '2019-04-28');
COMMIT;

/*!40101 SET CHARACTER_SET_CLIENT=@OLD_CHARACTER_SET_CLIENT */;
/*!40101 SET CHARACTER_SET_RESULTS=@OLD_CHARACTER_SET_RESULTS */;
/*!40101 SET COLLATION_CONNECTION=@OLD_COLLATION_CONNECTION */;
